feature,importance
age,0.1908351473019027
systolic_bp,0.16350246989816145
cholesterol,0.1296588062931
bmi,0.0896669828639256
glucose,0.06902052494274483
hba1c,0.06654280172447856
alcohol_units_wk,0.06634508831093816
exercise_hrs_wk,0.0622617870581014
smoker,0.0604366958684011
heart_rate,0.06040400475488836
obesity,0.014139734137753822
family_hx_cvd,0.013345361444913351
diabetic,0.009435305852026211
hypertension,0.004405289548664339
